{
  "shared_item_grid": {
    "type": "array",
    "orientation": "vertical",
    "margin": "0,0",
    "content": [
      {
        "type": "array",
        "orientation": "horizontal",
        "margin": "0,0",
        "content": [
          {
            "type": "itemgrid",
            "item_margin": "8,1",
            "h_alignment": "left",
            "rows": [
              [
                "multiworld_item",
                "tooth_brush",
                "squirter",
                "spoon",
                "mug",
                "radar",
                "blaster",
                "copter",
                "suit_drake"
              ],
              [
                "toy_receipt",
                "charge_chip",
                "range_chip",
                "ear_chip",
                "chibi_battery",
                "gigabattery",
                "giga_charger",
                "giga_left_leg",
                "suit_frog"
              ],
              [
                "army_photo",
                "ticket_stub",
                "gunpower",
                "hot_rod",
                "space_scrambler",
                "a_a_battery",
                "c_battery",
                "d_battery",
                "suit_ghost"
              ],
              [
                "red_block",         
                "green_block",    
                "white_block",  
                "blue_block",       
                "yellow_block",               
                "purple_block",     
                "passed_out_frog",   
                "dinah_teeth",
                "suit_pajama"
              ],
              [
                "red_crayon",        
                "yellow_crayon",  
                "green_crayon", 
                "purple_crayon",    
                "dog_tags",                   
                "bandage",          
                "red_shoe",          
                "dads_wedding_band",
                "suit_toa"
              ],
              [
                "scarvey_splinter",
                "snorkle",
                "divorce",
                "living_room_bridge",
                "foyer_ladder",
                "kitchen_ladder",
                "living_room_ladder",
                "kitchen_bridge",
                "suit_trama"
              ]
            ]
          }
        ]
      }
    ]
  },
  "tracker_capture_item": {
    "type": "container",
    "content": {
      "type": "layout",
      "key": "shared_item_grid"
    }
  },
  "tracker_default": {
    "type": "container",
    "background": "#000000",
    "content": {
      "type": "dock",
      "dropshadow": true,
      "content": [
        {
          "type": "dock",
          "dock": "left",
          "v_alignment": "stretch",
          "content": [
            {
              "type": "group",
              "header": "Items",
              "dock": "top",
              "content": {
                "type": "layout",
                "key": "shared_item_grid"
              }
            },
            {
              "type": "group",
              "header": "Pinned Locations",
              "content": {
                "type": "recentpins",
                "style": "wrap",
                "h_alignment": "stretch",
                "v_alignment": "stretch",
                "orientation": "vertical",
                "compact": true
              }
            }
          ]
        },
        {
          "type": "tabbed",
          "tabs": [
            {
              "title": "Zoom",
              "content": {
                "type": "tabbed",
                "tabs": [
                  {
                    "title": "Living Room",
                    "content": {
                      "type": "scroll",
                      "content": [
                        {
                          "type": "map",
                          "maps": [
                            "livingroommap"
                          ]
                        }
                      ]
                    }
                  },
                  {
                    "title": "Kitchen",
                    "content": {
                      "type": "scroll",
                      "content": [
                        {
                          "type": "map",
                          "maps": [
                            "kitchenmap"
                          ]
                        }
                      ]
                    }
                  },
                  {
                    "title": "Drain",
                    "content": {
                      "type": "scroll",
                      "content": [
                        {
                          "type": "map",
                          "maps": [
                            "drainmap"
                          ]
                        }
                      ]
                    }
                  },
                  {
                    "title": "Foyer",
                    "content": {
                      "type": "scroll",
                      "content": [
                        {
                          "type": "map",
                          "maps": [
                            "foyermap"
                          ]
                        }
                      ]
                    }
                  },
                  {
                    "title": "Foyer 2F",
                    "content": {
                      "type": "scroll",
                      "content": [
                        {
                          "type": "map",
                          "maps": [
                            "foyer2fmap"
                          ]
                        }
                      ]
                    }
                  },
                  {
                    "title": "Basement",
                    "content": {
                      "type": "scroll",
                      "content": [
                        {
                          "type": "map",
                          "maps": [
                            "basementmap"
                          ]
                        }
                      ]
                    }
                  },
                  {
                    "title": "Jenny's Room",
                    "content": {
                      "type": "scroll",
                      "content": [
                        {
                          "type": "map",
                          "maps": [
                            "jennysroommap"
                          ]
                        }
                      ]
                    }
                  },
                  {
                    "title": "Bed Room",
                    "content": {
                      "type": "scroll",
                      "content": [
                        {
                          "type": "map",
                          "maps": [
                            "bedroommap"
                          ]
                        }
                      ]
                    }
                  }
                
                ]
              }
            }
          ]
        }
      ]
    }
  },
  "tracker_horizontal": {
    "type": "container",
    "background": "#000000",
    "content": {
      "type": "dock",
      "dropshadow": true,
      "content": [
        {
          "type": "dock",
          "dock": "bottom",
          "content": [
            {
              "type": "group",
              "header": "Items",
              "dock": "left",
              "margin": "0,0,3,0",
              "content": {
                "type": "layout",
                "h_alignment": "center",
                "v_alignment": "center",
                "key": "shared_item_grid"
              }
            },
            {
              "type": "group",
              "header": "Pinned Locations",
              "content": {
                "type": "recentpins",
                "style": "wrap",
                "h_alignment": "stretch",
                "v_alignment": "stretch",
                "orientation": "horizontal",
                "compact": true
              }
            }
          ]
        },
        {
          "type": "tabbed",
          "tabs": [
			      {
              "title": "Fit",
              "content": {
                "type": "tabbed",
                "tabs": [
                  {
                    "title": "Living Room",
                    "icon": "images/sun.png",
                    "content": {
                      "type": "map",
                      "maps": [
                        "livingroommap"
                      ]
                    }
                  },
                  {
                    "title": "Kitchen",
                    "icon": "images/sun.png",
                    "content": {
                      "type": "map",
                      "maps": [
                        "kitchenmap"
                      ]
                    }
                  },
                  {
                    "title": "Drain",
                    "icon": "images/sun.png",
                    "content": {
                      "type": "map",
                      "maps": [
                        "drainmap"
                      ]
                    }
                  },
                  {
                    "title": "Backyard",
                    "icon": "images/sun.png",
                    "content": {
                      "type": "map",
                      "maps": [
                        "backyardmap"
                      ]
                    }
                  },
                  {
                    "title": "Foyer",
                    "icon": "images/sun.png",
                    "content": {
                      "type": "map",
                      "maps": [
                        "foyermap"
                      ]
                    }
                  },
                  {
                    "title": "Foyer 2F",
                    "icon": "images/sun.png",
                    "content": {
                      "type": "map",
                      "maps": [
                        "foyer2fmap"
                      ]
                    }
                  },
                  {
                    "title": "Basement",
                    "icon": "images/sun.png",
                    "content": {
                      "type": "map",
                      "maps": [
                        "basementmap"
                      ]
                    }
                  },
                  {
                    "title": "Jenny's Room",
                    "icon": "images/sun.png",
                    "content": {
                      "type": "map",
                      "maps": [
                        "jennysroommap"
                      ]
                    }
                  },
                  {
                    "title": "Bed Room",
                    "icon": "images/sun.png",
                    "content": {
                      "type": "map",
                      "maps": [
                        "bedroommap"
                      ]
                    }
                  }
                
                ]
              }
            },
            {
              "title": "Zoom",
              "content": {
                "type": "tabbed",
                "tabs": [
                  {
                    "title": "Living Room",
                    "icon": "images/sun.png",
                    "content": {
                      "type": "scroll",
                      "content": [
                        {
                          "type": "map",
                          "maps": [
                            "livingroommap"
                          ]
                        }
                      ]
                    }
                  },
                  {
                    "title": "Kitchen",
                    "icon": "images/sun.png",
                    "content": {
                      "type": "scroll",
                      "content": [
                        {
                          "type": "map",
                          "maps": [
                            "kitchenmap"
                          ]
                        }
                      ]
                    }
                  },
                  
                  {
                    "title": "Drain",
                    "icon": "images/sun.png",
                    "content": {
                      "type": "scroll",
                      "content": [
                        {
                          "type": "map",
                          "maps": [
                            "drainmap"
                          ]
                        }
                      ]
                    }
                  },
                  
                  {
                    "title": "Backyard",
                    "icon": "images/sun.png",
                    "content": {
                      "type": "scroll",
                      "content": [
                        {
                          "type": "map",
                          "maps": [
                            "backyardmap"
                          ]
                        }
                      ]
                    }
                  },
                  {
                    "title": "Foyer",
                    "icon": "images/sun.png",
                    "content": {
                      "type": "scroll",
                      "content": [
                        {
                          "type": "map",
                          "maps": [
                            "foyermap"
                          ]
                        }
                      ]
                    }
                  },
                  {
                    "title": "Foyer 2F",
                    "icon": "images/sun.png",
                    "content": {
                      "type": "scroll",
                      "content": [
                        {
                          "type": "map",
                          "maps": [
                            "foyer2fmap"
                          ]
                        }
                      ]
                    }
                  },
                  {
                    "title": "Basement",
                    "icon": "images/sun.png",
                    "content": {
                      "type": "scroll",
                      "content": [
                        {
                          "type": "map",
                          "maps": [
                            "basementmap"
                          ]
                        }
                      ]
                    }
                  },
                  {
                    "title": "Jenny's Room",
                    "icon": "images/sun.png",
                    "content": {
                      "type": "scroll",
                      "content": [
                        {
                          "type": "map",
                          "maps": [
                            "jennysroommap"
                          ]
                        }
                      ]
                    }
                  },
                  {
                    "title": "Bed Room",
                    "icon": "images/sun.png",
                    "content": {
                      "type": "scroll",
                      "content": [
                        {
                          "type": "map",
                          "maps": [
                            "bedroommap"
                          ]
                        }
                      ]
                    }
                  }
                  
                ]
              }
            }
          ]
        }
      ]
    }
  }
}